GEO_ID,State,Year_Date,Year,Total,Total_forprofit,Total_nonprofit,Total_localGov,Total_stateGov,Total_fedGov,Total_selfEmpNotincorp,Total_UnpaidFamily,Total_DroveAlone,Total_Carpooled,Total_PublicTransport,Total_Walked,Total_CabBikeOther,Total_WorkFromHome,ForProfit_WFH,NonProfit_WFH,LocalGov_WFH,StateGov_WFH,FedGov_WFH,SelfEmpNotInc_WFH,UnpaidFamily_WFH,Total_AllGov,perc_AllGov,perc_UnpaidFAm,perc_ForProfit,perc_NonProfit,perc_WFH,perc_Walk,perc_PubTrans,perc_DroveAlone,perc_Carpool,perc_WFH_AllGov,perc_WFH_ForProfit,perc_WFH_NonProfit,perc_WFH_SelfEmpNotInc,perc_WFH_UnpaidFamily
0400000US01,Alabama,2023-01-01,2023,2228430,1559229,160072,160084,123220,100113,121313,4399,1779940,186714,6356,29526,26826,199068,138532,10938,4475,7461,13414,23337,911,383417,17.21,0.2,69.97,7.18,8.93,1.32,0.29,79.87,8.38,6.61,8.88,6.83,19.24,20.71
0400000US04,Arizona,2023-01-01,2023,3439906,2475344,247176,231666,156145,115406,208107,6062,2306917,354818,41327,56294,75137,605413,460328,36740,14056,25511,12814,54333,1631,503217,14.63,0.18,71.96,7.19,17.6,1.64,1.2,67.06,10.31,10.41,18.6,14.86,26.11,26.91
0400000US05,Arkansas,2023-01-01,2023,1359873,954484,113404,89766,79111,33682,85578,3848,1064395,134945,3998,21140,17074,118321,80770,8766,1963,4792,2480,18771,779,202559,14.9,0.28,70.19,8.34,8.7,1.55,0.29,78.27,9.92,4.56,8.46,7.73,21.93,20.24
0400000US06,California,2023-01-01,2023,18691379,12987682,1432084,1559308,811803,525660,1338124,36718,12541074,1901105,572242,472828,468471,2735659,1850485,205586,124510,161020,51094,335565,7399,2896771,15.5,0.2,69.48,7.66,14.64,2.53,3.06,67.1,10.17,11.62,14.25,14.36,25.08,20.15
0400000US08,Colorado,2023-01-01,2023,3141112,2188885,268135,237657,127324,133473,178512,7126,2075342,247378,51214,76219,65442,625517,464383,45918,15778,23090,18392,55902,2054,498454,15.87,0.23,69.69,8.54,19.91,2.43,1.63,66.07,7.88,11.49,21.22,17.12,31.32,28.82
0400000US09,Connecticut,2023-01-01,2023,1784292,1236236,194642,131530,73139,38479,107962,2304,1263509,146573,40039,40665,29780,263726,196684,24552,3760,5601,4032,28639,458,243148,13.63,0.13,69.28,10.91,14.78,2.28,2.24,70.81,8.21,5.51,15.91,12.61,26.53,19.88
0400000US10,Delaware,2023-01-01,2023,496317,351174,47739,23892,38373,14406,19580,1153,361131,40124,10192,9344,7320,68206,49993,7206,1166,1853,2134,5730,124,76671,15.45,0.23,70.76,9.62,13.74,1.88,2.05,72.76,8.08,6.72,14.24,15.09,29.26,10.75
0400000US11,District of Columbia,2023-01-01,2023,739750,329392,137028,35512,20716,189435,27038,629,323650,51944,186564,43324,29642,104626,52969,24400,1227,1380,17837,6813,0,245663,33.21,0.09,44.53,18.52,14.14,5.86,25.22,43.75,7.02,8.32,16.08,17.81,25.2,0
0400000US12,Florida,2023-01-01,2023,10545502,7886374,727843,681218,285486,291611,653773,19197,7290525,1025173,142454,158014,254344,1674992,1288003,103081,32936,30304,37192,178881,4595,1258315,11.93,0.18,74.78,6.9,15.88,1.5,1.35,69.13,9.72,7.98,16.33,14.16,27.36,23.94
0400000US13,Georgia,2023-01-01,2023,5296040,3829057,355871,383016,202302,218492,296239,11063,3753549,498368,58691,72109,108955,804368,613661,47037,17330,23713,34290,66275,2062,803810,15.18,0.21,72.3,6.72,15.19,1.36,1.11,70.87,9.41,9.37,16.03,13.22,22.37,18.64
0400000US16,Idaho,2023-01-01,2023,900173,626970,65406,63661,42614,30724,68795,2003,635399,92992,5617,24729,16394,125042,85206,7343,4005,6005,2781,19491,211,136999,15.22,0.22,69.65,7.27,13.89,2.75,0.62,70.59,10.33,9.34,13.59,11.23,28.33,10.53
0400000US17,Illinois,2023-01-01,2023,6220680,4496585,593003,478034,212823,150248,280651,9336,4113560,509392,414373,183682,125711,873962,655703,76714,18781,26311,19623,75381,1449,841105,13.52,0.15,72.28,9.53,14.05,2.95,6.66,66.13,8.19,7.69,14.58,12.94,26.86,15.52
0400000US18,Indiana,2023-01-01,2023,3281665,2383954,337932,216115,111611,74450,151611,5992,2498341,311821,20459,62039,43517,345488,248194,32038,6139,9973,10266,37633,1245,402176,12.26,0.18,72.64,10.3,10.53,1.89,0.62,76.13,9.5,6.56,10.41,9.48,24.82,20.78
0400000US19,Iowa,2023-01-01,2023,1630590,1141231,142157,125754,82868,30906,104706,2968,1241090,136391,12082,44761,25580,170686,118180,10834,2620,8649,2820,27221,362,239528,14.69,0.18,69.99,8.72,10.47,2.75,0.74,76.11,8.36,5.88,10.36,7.62,26,12.2
0400000US20,Kansas,2023-01-01,2023,1493417,1009312,127467,135103,73216,60716,84753,2850,1148297,129570,5728,36548,19819,153455,105064,12157,3713,6882,5047,19986,606,269035,18.01,0.19,67.58,8.54,10.28,2.45,0.38,76.89,8.68,5.81,10.41,9.54,23.58,21.26
0400000US21,Kentucky,2023-01-01,2023,2072858,1453329,179603,144637,109348,73851,108230,3860,1592700,203514,13510,38206,29591,195337,137004,16530,4628,7887,4966,23637,685,327836,15.82,0.19,70.11,8.66,9.42,1.84,0.65,76.84,9.82,5.33,9.43,9.2,21.84,17.75
0400000US22,Louisiana,2023-01-01,2023,2023176,1404823,155099,154359,108513,67392,129642,3348,1593180,174258,15737,38043,39490,162468,108886,13339,3859,7677,5796,22503,408,330264,16.32,0.17,69.44,7.67,8.03,1.88,0.78,78.75,8.61,5.25,7.75,8.6,17.36,12.19
0400000US23,Maine,2023-01-01,2023,689383,437656,92341,50509,30305,21029,56242,1301,497099,54925,4688,23193,9961,99517,63426,11806,1707,3901,2931,15486,260,101843,14.77,0.19,63.49,13.39,14.44,3.36,0.68,72.11,7.97,8.38,14.49,12.79,27.53,19.98
0400000US24,Maryland,2023-01-01,2023,2943904,1833405,286279,233421,141093,297899,147423,4384,1941533,244734,88631,69599,63209,536198,314694,57563,15970,15438,90060,40694,1779,672413,22.84,0.15,62.28,9.72,18.21,2.36,3.01,65.95,8.31,18.06,17.16,20.11,27.6,40.58
0400000US25,Massachusetts,2023-01-01,2023,3774940,2567180,524159,258457,141596,73148,206041,4359,2393098,269981,272122,155996,108862,574881,405368,77981,8011,17811,9957,54970,783,473201,12.54,0.12,68.01,13.89,15.23,4.13,7.21,63.39,7.15,7.56,15.79,14.88,26.68,17.96
0400000US26,Michigan,2023-01-01,2023,4706930,3434096,482259,295888,166846,81957,238227,7657,3528646,395212,43278,95297,65635,578862,415915,55459,11693,28032,10512,56136,1115,544691,11.57,0.16,72.96,10.25,12.3,2.02,0.92,74.97,8.4,9.22,12.11,11.5,23.56,14.56
0400000US27,Minnesota,2023-01-01,2023,3016763,2085733,367719,239540,111818,47124,161060,3769,2109811,240932,51878,78809,51517,483816,333770,57561,17143,21886,6589,45872,995,398482,13.21,0.12,69.14,12.19,16.04,2.61,1.72,69.94,7.99,11.45,16,15.65,28.48,26.4
0400000US28,Mississippi,2023-01-01,2023,1216248,825648,87195,84987,90570,53945,71336,2567,972685,126987,2463,18861,14496,80756,54239,4872,1528,3154,3678,13087,198,229502,18.87,0.21,67.88,7.17,6.64,1.55,0.2,79.97,10.44,3.64,6.57,5.59,18.35,7.71
0400000US29,Missouri,2023-01-01,2023,3062418,2144362,325254,198720,123041,92673,171987,6381,2298933,259685,23211,56257,43976,380356,276072,30824,5205,11194,14713,40488,1860,414434,13.53,0.21,70.02,10.62,12.42,1.84,0.76,75.07,8.48,7.51,12.87,9.48,23.54,29.15
0400000US30,Montana,2023-01-01,2023,551607,351641,54443,42952,29398,26259,45440,1474,398876,52554,3121,23180,10882,62994,41147,4420,736,3267,2811,10274,339,98609,17.88,0.27,63.75,9.87,11.42,4.2,0.57,72.31,9.53,6.91,11.7,8.12,22.61,23
0400000US31,Nebraska,2023-01-01,2023,1047095,712756,102507,77730,52228,31417,67454,3003,806043,89395,5009,24344,17891,104413,73973,7662,2249,3935,2677,13727,190,161375,15.41,0.29,68.07,9.79,9.97,2.32,0.48,76.98,8.54,5.49,10.38,7.47,20.35,6.33
0400000US32,Nevada,2023-01-01,2023,1536949,1174300,75212,101253,45131,55777,81478,3798,1073308,186339,35133,24534,39256,178379,134472,8151,3874,4056,4062,22670,1094,202161,13.15,0.25,76.4,4.89,11.61,1.6,2.29,69.83,12.12,5.93,11.45,10.84,27.82,28.8
0400000US33,New Hampshire,2023-01-01,2023,721147,506293,85421,46187,23201,14453,44638,954,513864,49585,3336,18773,13796,121793,89587,12869,1655,2170,2403,13007,102,83841,11.63,0.13,70.21,11.85,16.89,2.6,0.46,71.26,6.88,7.43,17.69,15.07,29.14,10.69
0400000US34,New Jersey,2023-01-01,2023,4321453,3144076,334966,378420,158962,77118,219992,7919,2890946,369407,164746,118422,120607,657325,513444,45371,14460,14113,11959,56296,1682,614500,14.22,0.18,72.76,7.75,15.21,2.74,3.81,66.9,8.55,6.6,16.33,13.54,25.59,21.24
0400000US35,New Mexico,2023-01-01,2023,938405,563292,83689,77887,74344,79749,57709,1735,701943,94097,6563,17036,17548,101218,62331,8617,1972,5171,8030,15003,94,231980,24.72,0.18,60.03,8.92,10.79,1.82,0.7,74.8,10.03,6.54,11.07,10.3,26,5.42
0400000US36,New York,2023-01-01,2023,9861756,6586899,1143204,940171,421058,216943,536450,17031,4728345,620293,2533371,546083,264542,1169122,827114,127112,37344,23274,22430,128861,2987,1578172,16,0.17,66.79,11.59,11.86,5.54,25.69,47.95,6.29,5.26,12.56,11.12,24.02,17.54
0400000US37,North Carolina,2023-01-01,2023,5248923,3747696,403917,323984,252870,220908,291457,8091,3753427,445895,33447,90881,80274,844999,632421,62020,13491,27325,25371,82327,2044,797762,15.2,0.15,71.4,7.7,16.1,1.73,0.64,71.51,8.49,8.3,16.87,15.35,28.25,25.26
0400000US38,North Dakota,2023-01-01,2023,435962,275177,40851,42161,24617,24179,28230,747,335922,44240,739,12898,7946,34217,20695,2209,1425,2243,723,6800,122,90957,20.86,0.17,63.12,9.37,7.85,2.96,0.17,77.05,10.15,4.83,7.52,5.41,24.09,16.33
0400000US39,Ohio,2023-01-01,2023,5705345,4079908,589961,435243,179546,129032,282214,9441,4311709,456298,64431,114370,82191,676346,495408,57070,14425,22094,18963,66835,1551,743821,13.04,0.17,71.51,10.34,11.85,2,1.13,75.57,8,7.46,12.14,9.67,23.68,16.43
0400000US40,Oklahoma,2023-01-01,2023,1830815,1236025,136668,132269,98882,108430,114960,3581,1414367,183559,5441,33222,26751,167475,111133,10464,3075,7527,10263,24450,563,339581,18.55,0.2,67.51,7.46,9.15,1.81,0.3,77.25,10.03,6.14,8.99,7.66,21.27,15.72
0400000US41,Oregon,2023-01-01,2023,2109256,1431222,220038,163453,106671,43112,141232,3528,1374986,196702,46737,71051,55844,363936,234881,41064,12847,23228,6741,44541,634,313236,14.85,0.17,67.85,10.43,17.25,3.37,2.22,65.19,9.33,13.67,16.41,18.66,31.54,17.97
0400000US42,Pennsylvania,2023-01-01,2023,6263214,4425418,813117,372088,186842,139347,316873,9529,4286308,512644,243411,217048,115194,888609,635888,103250,16417,25996,21597,83675,1786,698277,11.15,0.15,70.66,12.98,14.19,3.47,3.89,68.44,8.18,9.17,14.37,12.7,26.41,18.74
0400000US44,Rhode Island,2023-01-01,2023,520039,354279,62400,26105,24106,21895,30050,1204,377073,41502,7251,16792,12476,64945,45642,8054,608,2306,2352,5803,180,72106,13.87,0.23,68.13,12,12.49,3.23,1.39,72.51,7.98,7.3,12.88,12.91,19.31,14.95
0400000US45,South Carolina,2023-01-01,2023,2453680,1745895,164322,164690,131496,102500,139915,4862,1859848,216064,7929,38127,35482,296230,221020,20453,6418,5470,6709,34933,1227,398686,16.25,0.2,71.15,6.7,12.07,1.55,0.32,75.8,8.81,4.66,12.66,12.45,24.97,25.24
0400000US46,South Dakota,2023-01-01,2023,470609,304351,53381,36652,20793,18905,35752,775,358172,42579,3376,14408,6220,45854,26869,4642,1154,1322,2171,9311,385,76350,16.22,0.16,64.67,11.34,9.74,3.06,0.72,76.11,9.05,6.09,8.83,8.7,26.04,49.68
0400000US47,Tennessee,2023-01-01,2023,3460331,2468353,266725,252733,130396,106420,230823,4881,2627625,289806,16588,49913,40150,436249,311061,27827,8662,17528,11247,59164,760,489549,14.15,0.14,71.33,7.71,12.61,1.44,0.48,75.94,8.38,7.65,12.6,10.43,25.63,15.57
0400000US48,Texas,2023-01-01,2023,14798256,10710888,921989,1125142,562881,478915,969356,29085,10603538,1565239,131203,211422,265373,2021481,1525811,108744,43516,64344,55740,217351,5975,2166938,14.64,0.2,72.38,6.23,13.66,1.43,0.89,71.65,10.58,7.55,14.25,11.79,22.42,20.54
0400000US49,Utah,2023-01-01,2023,1742568,1266257,119628,117454,92610,57533,86115,2971,1187819,182577,28458,32126,27479,284109,208919,19124,4852,12877,8424,29194,719,267597,15.36,0.17,72.67,6.87,16.3,1.84,1.63,68.16,10.48,9.77,16.5,15.99,33.9,24.2
0400000US50,Vermont,2023-01-01,2023,343212,208640,52054,26712,17836,8690,28724,556,235173,28555,2880,16090,5472,55042,32498,8067,1579,2901,1890,7827,280,53238,15.51,0.16,60.79,15.17,16.04,4.69,0.84,68.52,8.32,11.97,15.58,15.5,27.25,50.36
0400000US51,Virginia,2023-01-01,2023,4357417,2825351,366317,342983,179795,428719,207386,6866,3014121,371792,75707,86703,77556,731538,494925,62646,17762,20887,73207,59658,2453,951497,21.84,0.16,64.84,8.41,16.79,1.99,1.74,69.17,8.53,11.76,17.52,17.1,28.77,35.73
0400000US53,Washington,2023-01-01,2023,3829860,2619203,336193,287182,198853,174862,207167,6400,2478272,339414,153825,118446,73020,666883,455184,58166,23706,43236,16863,67764,1964,660897,17.26,0.17,68.39,8.78,17.41,3.09,4.02,64.71,8.86,12.68,17.38,17.3,32.71,30.69
0400000US54,West Virginia,2023-01-01,2023,712503,464896,67792,58078,57523,34447,28482,1285,551149,68626,3370,17136,10167,62055,38382,6338,1523,3861,4593,7317,41,150048,21.06,0.18,65.25,9.51,8.71,2.41,0.47,77.35,9.63,6.65,8.26,9.35,25.69,3.19
0400000US55,Wisconsin,2023-01-01,2023,2997098,2169539,297493,224731,115968,42135,142166,5066,2236185,233980,31842,78813,47662,368616,254429,43022,10111,14852,4606,40153,1443,382834,12.77,0.17,72.39,9.93,12.3,2.63,1.06,74.61,7.81,7.72,11.73,14.46,28.24,28.48
0400000US56,Wyoming,2023-01-01,2023,288529,175957,22589,32774,19303,15760,20999,1147,211219,29584,3345,9657,5725,28999,16175,1507,872,1312,933,7868,332,67837,23.51,0.4,60.98,7.83,10.05,3.35,1.16,73.21,10.25,4.59,9.19,6.67,37.47,28.95
0400000US01,Alabama,2022-01-01,2022,2215805,1549525,165799,154345,122258,102350,116874,4654,1780376,177704,6115,25174,26156,200280,141099,10802,4026,4988,14102,24507,756,378953,17.1,0.21,69.93,7.48,9.04,1.14,0.28,80.35,8.02,6.1,9.11,6.52,20.97,16.24
0400000US04,Arizona,2022-01-01,2022,3376456,2463088,234390,223038,145172,110886,192025,7857,2231307,332529,27461,57486,75994,651679,495458,44222,17519,26224,12261,53912,2083,479096,14.19,0.23,72.95,6.94,19.3,1.7,0.81,66.08,9.85,11.69,20.12,18.87,28.08,26.51
0400000US05,Arkansas,2022-01-01,2022,1316975,927509,98460,86852,80468,38366,82324,2996,1051986,109538,3380,20700,15577,115794,82501,8055,1906,4081,2998,15856,397,205686,15.62,0.23,70.43,7.48,8.79,1.57,0.26,79.88,8.32,4.37,8.89,8.18,19.26,13.25
0400000US06,California,2022-01-01,2022,18633681,13059913,1384235,1493579,767815,535815,1359418,32906,12205093,1832245,493305,447576,454525,3200937,2190475,238093,153463,169095,65877,377559,6375,2797209,15.01,0.18,70.09,7.43,17.18,2.4,2.65,65.5,9.83,13.89,16.77,17.2,27.77,19.37
0400000US08,Colorado,2022-01-01,2022,3122537,2213078,248663,230728,110436,131600,184916,3116,2020003,246058,51084,79729,64798,660865,488524,48509,18501,22151,21120,61255,805,472764,15.14,0.1,70.87,7.96,21.16,2.55,1.64,64.69,7.88,13.07,22.07,19.51,33.13,25.83
0400000US09,Connecticut,2022-01-01,2022,1762976,1232386,198477,124802,67188,34789,103234,2100,1222716,136052,38547,48400,26960,290301,216107,25793,5535,10145,4508,27876,337,226779,12.86,0.12,69.9,11.26,16.47,2.75,2.19,69.36,7.72,8.9,17.54,13,27,16.05
0400000US10,Delaware,2022-01-01,2022,483915,347261,47094,17557,36800,14361,20332,510,351784,34586,5935,10100,7457,74053,55142,5751,1106,3354,3292,5082,326,68718,14.2,0.11,71.76,9.73,15.3,2.09,1.23,72.7,7.15,11.28,15.88,12.21,25,63.92
0400000US11,District of Columbia,2022-01-01,2022,693095,308811,127509,31339,18995,178249,27557,635,315829,45462,139190,38447,27908,126259,56107,31310,2359,2293,25287,8747,156,228583,32.98,0.09,44.56,18.4,18.22,5.55,20.08,45.57,6.56,13.1,18.17,24.56,31.74,24.57
0400000US12,Florida,2022-01-01,2022,10325496,7705214,697483,652555,284592,305774,659213,20665,7198550,928906,121903,141236,234007,1700894,1292314,105591,36228,35566,38947,185496,6752,1242921,12.04,0.2,74.62,6.75,16.47,1.37,1.18,69.72,9,8.91,16.77,15.14,28.14,32.67
0400000US13,Georgia,2022-01-01,2022,5216093,3766008,358850,373940,194929,225785,287623,8958,3685586,462249,54015,69085,93241,851917,647236,52452,19705,25128,33316,72376,1704,794654,15.23,0.17,72.2,6.88,16.33,1.32,1.04,70.66,8.86,9.83,17.19,14.62,25.16,19.02
0400000US16,Idaho,2022-01-01,2022,893756,628900,65688,63227,40822,27731,65628,1760,643284,79647,5605,26085,19302,119833,81355,9358,4229,4230,3298,16830,533,131780,14.74,0.2,70.37,7.35,13.41,2.92,0.63,71.98,8.91,8.92,12.94,14.25,25.64,30.28
0400000US17,Illinois,2022-01-01,2022,6182292,4480892,583082,479527,200047,139227,288725,10792,4080827,488865,347289,162580,122950,979781,735710,83761,22647,29956,23736,82180,1791,818801,13.24,0.17,72.48,9.43,15.85,2.63,5.62,66.01,7.91,9.32,16.42,14.37,28.46,16.6
0400000US18,Indiana,2022-01-01,2022,3235617,2375365,321599,215172,105652,63318,149930,4581,2443301,316080,18138,63095,50146,344857,243723,34418,6116,10801,9114,39870,815,384142,11.87,0.14,73.41,9.94,10.66,1.95,0.56,75.51,9.77,6.78,10.26,10.7,26.59,17.79
0400000US19,Iowa,2022-01-01,2022,1630583,1143506,138594,127901,84980,29109,102453,4040,1237848,132460,12691,47417,21202,178965,124128,13037,2879,7737,2665,27705,814,241990,14.84,0.25,70.13,8.5,10.98,2.91,0.78,75.91,8.12,5.49,10.86,9.41,27.04,20.15
0400000US20,Kansas,2022-01-01,2022,1473644,1015457,119921,126791,69744,56118,82614,2999,1110917,124705,7261,33028,22160,175573,122932,10281,5170,7490,7111,21912,677,252653,17.14,0.2,68.91,8.14,11.91,2.24,0.49,75.39,8.46,7.83,12.11,8.57,26.52,22.57
0400000US21,Kentucky,2022-01-01,2022,2050115,1424840,179983,144399,99345,81858,116433,3257,1562856,197214,9754,39326,28083,212882,144704,17598,5635,11141,7377,25777,650,325602,15.88,0.16,69.5,8.78,10.38,1.92,0.48,76.23,9.62,7.42,10.16,9.78,22.14,19.96
0400000US22,Louisiana,2022-01-01,2022,2024582,1391147,156866,151739,115131,66208,139873,3618,1590370,173310,15405,43339,36801,165357,108268,12285,3216,7493,5372,28140,583,333078,16.45,0.18,68.71,7.75,8.17,2.14,0.76,78.55,8.56,4.83,7.78,7.83,20.12,16.11
0400000US23,Maine,2022-01-01,2022,674991,429778,94167,49437,26737,21952,51223,1697,471323,55437,3454,25519,12127,107131,63585,17266,2538,5018,2318,15833,573,98126,14.54,0.25,63.67,13.95,15.87,3.78,0.51,69.83,8.21,10.06,14.79,18.34,30.91,33.77
0400000US24,Maryland,2022-01-01,2022,2950162,1823258,290897,229637,135078,309111,157045,5136,1924812,232158,77048,55264,57696,603184,342897,65738,19069,20455,108181,45482,1362,673826,22.84,0.17,61.8,9.86,20.45,1.87,2.61,65.24,7.87,21.92,18.81,22.6,28.96,26.52
0400000US25,Massachusetts,2022-01-01,2022,3718733,2545906,498129,272446,135357,69375,192506,5014,2308865,265243,230430,146839,97075,670281,480917,84242,16764,18484,10480,58302,1092,477178,12.83,0.13,68.46,13.4,18.02,3.95,6.2,62.09,7.13,9.58,18.89,16.91,30.29,21.78
0400000US26,Michigan,2022-01-01,2022,4672352,3418482,460076,291512,168153,79057,248456,6616,3454776,367916,38854,95055,73015,642736,459287,62184,14328,32473,11777,61330,1357,538722,11.53,0.14,73.16,9.85,13.76,2.03,0.83,73.94,7.87,10.87,13.44,13.52,24.68,20.51
0400000US27,Minnesota,2022-01-01,2022,2965981,2076127,358286,221049,99889,49508,155862,5260,2055698,227308,48322,74922,51828,507903,353351,61119,16947,20702,7304,46926,1554,370446,12.49,0.18,70,12.08,17.12,2.53,1.63,69.31,7.66,12.13,17.02,17.06,30.11,29.54
0400000US28,Mississippi,2022-01-01,2022,1196401,810049,72482,86844,96496,57733,70621,2176,976983,115857,3587,18614,12306,69054,42920,3637,1235,3597,3959,13164,542,241073,20.15,0.18,67.71,6.06,5.77,1.56,0.3,81.66,9.68,3.65,5.3,5.02,18.64,24.91
0400000US29,Missouri,2022-01-01,2022,2981118,2093457,311092,199977,104410,100819,166276,5087,2253637,234549,25113,48933,37478,381408,276281,37057,6862,6903,11776,41269,1260,405206,13.59,0.17,70.22,10.44,12.79,1.64,0.84,75.6,7.87,6.3,13.2,11.91,24.82,24.77
0400000US30,Montana,2022-01-01,2022,551476,354733,56756,38659,27667,23141,48452,2068,382313,60412,3011,24161,12086,69493,41876,5060,2477,2740,2775,14334,231,89467,16.22,0.37,64.32,10.29,12.6,4.38,0.55,69.33,10.95,8.93,11.8,8.92,29.58,11.17
0400000US31,Nebraska,2022-01-01,2022,1036134,711671,97335,82847,46524,30403,65187,2167,795108,90780,4354,22517,13282,110093,77820,7600,2559,3965,3372,14162,615,159774,15.42,0.21,68.69,9.39,10.63,2.17,0.42,76.74,8.76,6.19,10.93,7.81,21.73,28.38
0400000US32,Nevada,2022-01-01,2022,1498849,1161743,64022,97886,45166,46232,80236,3564,1050244,168085,33649,21391,42043,183437,140995,9208,4909,4067,4016,19598,644,189284,12.63,0.24,77.51,4.27,12.24,1.43,2.24,70.07,11.21,6.86,12.14,14.38,24.43,18.07
0400000US33,New Hampshire,2022-01-01,2022,714912,490891,86733,50759,23339,16891,45301,998,500707,59040,1630,15844,10226,127465,90109,14321,2199,2943,3626,14066,201,90989,12.73,0.14,68.66,12.13,17.83,2.22,0.23,70.04,8.26,9.64,18.36,16.51,31.05,20.14
0400000US34,New Jersey,2022-01-01,2022,4340787,3157127,327741,363313,177244,99257,209414,6691,2795053,375396,150917,136866,113023,769532,609539,52980,16981,14811,15028,58788,1405,639814,14.74,0.15,72.73,7.55,17.73,3.15,3.48,64.39,8.65,7.32,19.31,16.17,28.07,21
0400000US35,New Mexico,2022-01-01,2022,931445,553371,75005,81609,64847,87028,66294,3291,681590,95436,6143,20613,15287,112376,59589,11717,4483,8091,9696,18188,612,233484,25.07,0.35,59.41,8.05,12.06,2.21,0.66,73.18,10.25,9.54,10.77,15.62,27.44,18.6
0400000US36,New York,2022-01-01,2022,9767512,6493376,1127851,948060,409895,224300,549552,14478,4710789,626635,2258561,527337,284631,1359559,962980,151547,44386,32916,27032,137607,3091,1582255,16.2,0.15,66.48,11.55,13.92,5.4,23.12,48.23,6.42,6.59,14.83,13.44,25.04,21.35
0400000US37,North Carolina,2022-01-01,2022,5132114,3677126,382376,312749,252848,215432,281504,10079,3661217,433537,26107,82804,65258,863191,656199,65580,14334,27167,21739,76474,1698,781029,15.22,0.2,71.65,7.45,16.82,1.61,0.51,71.34,8.45,8.1,17.85,17.15,27.17,16.85
0400000US38,North Dakota,2022-01-01,2022,437252,279779,44329,36852,23544,20984,30811,953,345668,38708,1572,14235,5821,31248,17793,2735,1213,2106,845,6331,225,81380,18.61,0.22,63.99,10.14,7.15,3.26,0.36,79.05,8.85,5.12,6.36,6.17,20.55,23.61
0400000US39,Ohio,2022-01-01,2022,5673987,4061161,584408,443546,166732,131138,279833,7169,4243579,443428,56338,110095,83172,737375,527603,62367,18669,26431,24140,76213,1952,741416,13.07,0.13,71.58,10.3,13,1.94,0.99,74.79,7.82,9.34,12.99,10.67,27.24,27.23
0400000US40,Oklahoma,2022-01-01,2022,1817538,1227767,132699,123931,101800,108430,119916,2995,1412422,171134,5035,31663,24803,172481,108719,11426,3806,10189,14543,23313,485,334161,18.39,0.16,67.55,7.3,9.49,1.74,0.28,77.71,9.42,8.54,8.86,8.61,19.44,16.19
0400000US41,Oregon,2022-01-01,2022,2095454,1452437,200439,149065,102683,41708,143508,5614,1356954,178653,43502,73779,52852,389714,255977,37246,16349,24105,6364,47826,1847,293456,14,0.27,69.31,9.57,18.6,3.52,2.08,64.76,8.53,15.95,17.62,18.58,33.33,32.9
0400000US42,Pennsylvania,2022-01-01,2022,6232551,4409400,793938,383218,186393,140819,308317,10466,4272057,466589,213057,201097,122490,957261,685172,112256,18533,29424,27685,79827,4364,710430,11.4,0.17,70.75,12.74,15.36,3.23,3.42,68.54,7.49,10.65,15.54,14.14,25.89,41.7
0400000US44,Rhode Island,2022-01-01,2022,526056,350291,67303,32949,20560,22991,31423,539,381082,39447,4840,15614,11237,73836,51323,8048,945,2199,2040,9086,195,76500,14.54,0.1,66.59,12.79,14.04,2.97,0.92,72.44,7.5,6.78,14.65,11.96,28.92,36.18
0400000US45,South Carolina,2022-01-01,2022,2398821,1682369,155385,165232,149050,103440,137775,5570,1822896,207964,8938,38473,40369,280181,209256,14787,4977,8820,9395,31493,1453,417722,17.41,0.23,70.13,6.48,11.68,1.6,0.37,75.99,8.67,5.55,12.44,9.52,22.86,26.09
0400000US46,South Dakota,2022-01-01,2022,465292,293518,58994,34995,19586,21184,35982,1033,366209,33321,2223,11641,6408,45490,27465,4087,581,1419,1402,10132,404,75765,16.28,0.22,63.08,12.68,9.78,2.5,0.48,78.71,7.16,4.49,9.36,6.93,28.16,39.11
0400000US47,Tennessee,2022-01-01,2022,3415195,2461828,263540,231194,116934,102949,233923,4827,2569241,292932,13475,40346,50754,448447,317672,30579,8889,17025,16388,57059,835,451077,13.21,0.14,72.08,7.72,13.13,1.18,0.39,75.23,8.58,9.38,12.9,11.6,24.39,17.3
0400000US48,Texas,2022-01-01,2022,14426512,10468144,857485,1085429,547048,475728,967495,25183,10271268,1443333,121626,215469,277492,2097324,1586385,106153,50698,64760,63178,220162,5988,2108205,14.61,0.17,72.56,5.94,14.54,1.49,0.84,71.2,10,8.47,15.15,12.38,22.76,23.78
0400000US49,Utah,2022-01-01,2022,1718106,1242213,123404,119178,84636,57547,88122,3006,1159220,170150,23181,31571,25726,308258,225962,20858,7848,12424,10421,30086,659,261361,15.21,0.17,72.3,7.18,17.94,1.84,1.35,67.47,9.9,11.74,18.19,16.9,34.14,21.92
0400000US50,Vermont,2022-01-01,2022,337193,200171,54875,26534,14762,10162,30169,520,236586,23826,1453,14321,5133,55874,29292,10567,1272,3537,2171,8857,178,51458,15.26,0.15,59.36,16.27,16.57,4.25,0.43,70.16,7.07,13.56,14.63,19.26,29.36,34.23
0400000US51,Virginia,2022-01-01,2022,4331946,2807270,339999,343531,174731,454671,207108,4636,2965986,341566,58701,93842,81292,790559,526421,61306,19575,23692,102076,56474,1015,972933,22.46,0.11,64.8,7.85,18.25,2.17,1.36,68.47,7.88,14.94,18.75,18.03,27.27,21.89
0400000US53,Washington,2022-01-01,2022,3813493,2631103,323104,271787,198563,178437,203465,7034,2389730,332043,120495,120854,64251,786120,554861,62524,27938,53084,21695,64283,1735,648787,17.01,0.18,68.99,8.47,20.61,3.17,3.16,62.67,8.71,15.83,21.09,19.35,31.59,24.67
0400000US54,West Virginia,2022-01-01,2022,711097,472704,65523,49999,57644,32575,31420,1232,558228,56650,3931,17066,9007,66215,40691,6219,1642,5124,4971,7296,272,140218,19.72,0.17,66.48,9.21,9.31,2.4,0.55,78.5,7.97,8.37,8.61,9.49,23.22,22.08
0400000US55,Wisconsin,2022-01-01,2022,2981826,2139684,298407,220668,115664,47232,155524,4647,2198421,234297,31643,80943,48822,387700,273548,37042,10260,18343,5744,41073,1690,383564,12.86,0.16,71.76,10.01,13,2.71,1.06,73.73,7.86,8.95,12.78,12.41,26.41,36.37
0400000US56,Wyoming,2022-01-01,2022,292878,183031,20615,33101,19766,15561,20275,529,222702,24401,2885,10125,6613,26152,15693,1433,318,1615,2468,4548,77,68428,23.36,0.18,62.49,7.04,8.93,3.46,0.99,76.04,8.33,6.43,8.57,6.95,22.43,14.56
0400000US01,Alabama,2021-01-01,2021,2137108,1517640,144335,143244,118819,95604,115258,2208,1718315,163820,4599,19618,21989,208767,145949,11003,6514,7815,17296,20050,140,357667,16.74,0.1,71.01,6.75,9.77,0.92,0.22,80.4,7.67,8.84,9.62,7.62,17.4,6.34
0400000US04,Arizona,2021-01-01,2021,3258340,2338370,234309,228961,139857,119582,190750,6511,2141225,290126,30122,51281,65127,680459,505799,42654,24629,36690,15717,52732,2238,488400,14.99,0.2,71.77,7.19,20.88,1.57,0.92,65.72,8.9,15.77,21.63,18.2,27.64,34.37
0400000US05,Arkansas,2021-01-01,2021,1310892,908872,102004,81127,89412,38929,88262,2286,1036290,115437,2366,17434,11980,127385,88571,10159,1959,5422,3660,17177,437,209468,15.98,0.17,69.33,7.78,9.72,1.33,0.18,79.05,8.81,5.27,9.75,9.96,19.46,19.12
0400000US06,California,2021-01-01,2021,17824906,12420631,1352821,1496763,732925,514809,1276743,30214,11352882,1496848,368928,378703,415475,3812070,2564333,302846,266435,222347,85043,364019,7047,2744497,15.4,0.17,69.68,7.59,21.39,2.12,2.07,63.69,8.4,20.91,20.65,22.39,28.51,23.32
0400000US08,Colorado,2021-01-01,2021,2990630,2093816,248407,218999,110424,124464,189447,5073,1906171,211286,38695,67697,56121,710660,498151,61855,26585,31918,26569,64094,1488,453887,15.18,0.17,70.01,8.31,23.76,2.26,1.29,63.74,7.06,18.74,23.79,24.9,33.83,29.33
0400000US09,Connecticut,2021-01-01,2021,1729712,1204465,178337,127505,73351,36972,107111,1971,1153579,128258,30379,44278,26863,346355,253484,31506,8557,15529,7598,28795,886,237828,13.75,0.11,69.63,10.31,20.02,2.56,1.76,66.69,7.41,13.32,21.05,17.67,26.88,44.95
0400000US10,Delaware,2021-01-01,2021,454678,320573,41922,21782,34749,15185,19410,1057,322371,27769,6709,5857,7345,84627,60627,7150,1865,4781,3284,6465,455,71716,15.77,0.23,70.51,9.22,18.61,1.29,1.48,70.9,6.11,13.85,18.91,17.06,33.31,43.05
0400000US11,District of Columbia,2021-01-01,2021,606015,284621,100852,33590,14573,148044,23623,712,271920,33896,80596,24852,23780,170971,77824,36882,7009,2227,38732,7960,337,196207,32.38,0.12,46.97,16.64,28.21,4.1,13.3,44.87,5.59,24.45,27.34,36.57,33.7,47.33
0400000US12,Florida,2021-01-01,2021,9817081,7263375,642313,652932,290494,293799,655260,18908,6921708,833591,95208,125359,200920,1640295,1216844,101012,50268,47634,40076,179213,5248,1237225,12.6,0.19,73.99,6.54,16.71,1.28,0.97,70.51,8.49,11.15,16.75,15.73,27.35,27.76
0400000US13,Georgia,2021-01-01,2021,4978315,3569394,329512,377527,201624,219542,272729,7987,3484245,409773,35364,59416,83631,905886,666424,55008,22041,38736,41385,81023,1269,798693,16.04,0.16,71.7,6.62,18.2,1.19,0.71,69.99,8.23,12.79,18.67,16.69,29.71,15.89
0400000US16,Idaho,2021-01-01,2021,862147,597392,56572,60704,44312,30439,69686,3042,640288,68367,4138,16091,15356,117907,79223,6950,2814,6682,4389,17257,592,135455,15.71,0.35,69.29,6.56,13.68,1.87,0.48,74.27,7.93,10.25,13.26,12.29,24.76,19.46
0400000US17,Illinois,2021-01-01,2021,5968556,4293145,571058,464666,205688,137239,285984,10776,3869945,436699,232240,155409,123706,1150557,847868,109318,38023,43193,30641,79056,2458,807593,13.53,0.18,71.93,9.57,19.28,2.6,3.89,64.84,7.32,13.85,19.75,19.14,27.64,22.81
0400000US18,Indiana,2021-01-01,2021,3155668,2302898,320615,212464,96780,68744,149265,4902,2408008,249866,14420,63404,40717,379253,261923,36049,10602,17383,12798,39442,1056,377988,11.98,0.16,72.98,10.16,12.02,2.01,0.46,76.31,7.92,10.79,11.37,11.24,26.42,21.54
0400000US19,Iowa,2021-01-01,2021,1593252,1119916,138924,124704,76892,28446,101600,2770,1187194,117937,7759,44549,22507,213306,147410,14068,4785,13071,4417,29133,422,230042,14.44,0.17,70.29,8.72,13.39,2.8,0.49,74.51,7.4,9.68,13.16,10.13,28.67,15.23
0400000US20,Kansas,2021-01-01,2021,1446649,987144,113946,128275,71523,58222,86043,1496,1079200,114382,4260,31886,19305,197616,135297,13615,6520,11939,7532,22421,292,258020,17.84,0.1,68.24,7.88,13.66,2.2,0.29,74.6,7.91,10.07,13.71,11.95,26.06,19.52
0400000US21,Kentucky,2021-01-01,2021,1977514,1390949,167905,132727,101777,77807,101409,4940,1515416,164246,10739,39902,22502,224709,149334,17668,7123,14973,8926,25090,1595,312311,15.79,0.25,70.34,8.49,11.36,2.02,0.54,76.63,8.31,9.93,10.74,10.52,24.74,32.29
0400000US22,Louisiana,2021-01-01,2021,1953028,1358324,140822,156744,104405,69310,119944,3479,1551905,160408,14729,27525,35457,163004,102166,13018,2998,8646,11498,23861,817,330459,16.92,0.18,69.55,7.21,8.35,1.41,0.75,79.46,8.21,7,7.52,9.24,19.89,23.48
0400000US23,Maine,2021-01-01,2021,653356,406216,93628,47448,26955,23995,54171,943,454004,49328,1508,23845,7479,117192,70354,16801,2097,6059,4468,17077,336,98398,15.06,0.14,62.17,14.33,17.94,3.65,0.23,69.49,7.55,12.83,17.32,17.94,31.52,35.63
0400000US24,Maryland,2021-01-01,2021,2883404,1783556,280240,225228,136873,306795,145978,4734,1780528,199458,60481,52170,57590,733177,396352,83530,35060,30538,134924,51475,1298,668896,23.2,0.16,61.86,9.72,25.43,1.81,2.1,61.75,6.92,29.98,22.22,29.81,35.26,27.42
0400000US25,Massachusetts,2021-01-01,2021,3609957,2444974,500268,266541,134933,64549,194510,4182,2171641,227119,159981,131799,83418,835999,575290,127154,23071,33058,16081,60595,750,466023,12.91,0.12,67.73,13.86,23.16,3.65,4.43,60.16,6.29,15.49,23.53,25.42,31.15,17.93
0400000US26,Michigan,2021-01-01,2021,4495605,3288705,444307,275478,162634,80775,235199,8507,3252384,324991,37202,81168,58111,741749,514305,72961,23743,49074,16102,62940,2624,518887,11.54,0.19,73.15,9.88,16.5,1.81,0.83,72.35,7.23,17.14,15.64,16.42,26.76,30.85
0400000US27,Minnesota,2021-01-01,2021,2918324,2031251,355220,215139,103338,53711,155466,4199,1942494,207186,40726,73209,46785,607924,418815,69785,26713,31430,10306,49342,1533,372188,12.75,0.14,69.6,12.17,20.83,2.51,1.4,66.56,7.1,18.39,20.62,19.65,31.74,36.51
0400000US28,Mississippi,2021-01-01,2021,1164542,791625,68207,80976,99392,54871,67669,1802,968025,88562,2701,12238,17052,75964,44742,5857,1352,4467,5518,13817,211,235239,20.2,0.15,67.98,5.86,6.52,1.05,0.23,83.12,7.6,4.82,5.65,8.59,20.42,11.71
0400000US29,Missouri,2021-01-01,2021,2932404,2053147,305375,189648,112829,98880,165538,6987,2171751,223274,22090,53527,33798,427964,306402,39445,9224,11811,17213,41651,2218,401357,13.69,0.24,70.02,10.41,14.59,1.83,0.75,74.06,7.61,9.53,14.92,12.92,25.16,31.74
0400000US30,Montana,2021-01-01,2021,521443,323059,53515,42337,27594,23943,49402,1593,370899,45842,2072,18696,10512,73422,41144,5809,1702,4411,3230,16598,528,93874,18,0.31,61.95,10.26,14.08,3.59,0.4,71.13,8.79,9.95,12.74,10.85,33.6,33.15
0400000US31,Nebraska,2021-01-01,2021,1026044,702175,98379,83150,43561,33435,63464,1880,772110,81589,4072,24108,14668,129497,92516,9178,2873,4748,4378,15443,361,160146,15.61,0.18,68.44,9.59,12.62,2.35,0.4,75.25,7.95,7.49,13.18,9.33,24.33,19.2
0400000US32,Nevada,2021-01-01,2021,1408927,1073003,62423,100437,45502,52999,72511,2052,995074,143195,27809,18517,41998,182334,128270,7285,12393,8653,5727,19311,695,198938,14.12,0.15,76.16,4.43,12.94,1.31,1.97,70.63,10.16,13.46,11.95,11.67,26.63,33.87
0400000US33,New Hampshire,2021-01-01,2021,704367,489857,79676,52304,23485,16239,40775,2031,484447,50112,2077,16753,9170,141808,101028,15175,3860,4224,4291,12838,392,92028,13.07,0.29,69.55,11.31,20.13,2.38,0.29,68.78,7.11,13.45,20.62,19.05,31.48,19.3
0400000US34,New Jersey,2021-01-01,2021,4223539,3067900,313491,369113,170743,87521,208157,6614,2598093,313871,113635,106698,113728,977514,752254,68859,37197,35306,21008,61059,1831,627377,14.85,0.16,72.64,7.42,23.14,2.53,2.69,61.51,7.43,14.91,24.52,21.97,29.33,27.68
0400000US35,New Mexico,2021-01-01,2021,873767,531120,64167,72131,70446,79400,53664,2839,632626,73042,3356,14483,16606,133654,67246,11016,6240,15626,13245,19808,473,221977,25.4,0.32,60.79,7.34,15.3,1.66,0.38,72.4,8.36,15.82,12.66,17.17,36.91,16.66
0400000US36,New York,2021-01-01,2021,9295414,6105020,1108313,951975,408392,204145,499948,17621,4541185,543712,1715751,476524,246965,1771277,1193122,231757,96306,66925,35934,142713,4520,1564512,16.83,0.19,65.68,11.92,19.06,5.13,18.46,48.85,5.85,12.73,19.54,20.91,28.55,25.65
0400000US37,North Carolina,2021-01-01,2021,4879425,3444045,361210,305319,253624,222080,283684,9463,3442555,360873,25089,67203,66085,917620,667162,71628,27248,46915,24533,77407,2727,781023,16.01,0.19,70.58,7.4,18.81,1.38,0.51,70.55,7.4,12.64,19.37,19.83,27.29,28.82
0400000US38,North Dakota,2021-01-01,2021,417381,260734,43354,36665,22171,21916,32013,528,328836,32609,1450,11907,7079,35500,18651,2556,2566,3229,1168,7189,141,80752,19.35,0.13,62.47,10.39,8.51,2.85,0.35,78.79,7.81,8.62,7.15,5.9,22.46,26.7
0400000US39,Ohio,2021-01-01,2021,5508232,3982106,536499,428331,158932,119967,272692,9705,4073530,396585,44190,101334,77044,815549,584223,64923,27669,35164,28143,72973,2454,707230,12.84,0.18,72.29,9.74,14.81,1.84,0.8,73.95,7.2,12.86,14.67,12.1,26.76,25.29
0400000US40,Oklahoma,2021-01-01,2021,1756855,1182042,119438,120042,103786,112020,114951,4576,1354560,153005,3074,30648,31022,184546,110616,9114,4709,11919,21819,25073,1296,335848,19.12,0.26,67.28,6.8,10.5,1.74,0.17,77.1,8.71,11.45,9.36,7.63,21.81,28.32
0400000US41,Oregon,2021-01-01,2021,2012234,1384930,195341,131380,108734,47738,139946,4165,1273401,156424,33376,58511,44200,446322,277732,44460,22024,41554,10447,48566,1539,287852,14.31,0.21,68.83,9.71,22.18,2.91,1.66,63.28,7.77,25.72,20.05,22.76,34.7,36.95
0400000US42,Pennsylvania,2021-01-01,2021,6008278,4246795,761561,379606,184280,135417,292323,8296,4004375,421568,170986,176694,100089,1134566,798103,139935,38306,42744,29514,83573,2391,699303,11.64,0.14,70.68,12.68,18.88,2.94,2.85,66.65,7.02,15.81,18.79,18.37,28.59,28.82
0400000US44,Rhode Island,2021-01-01,2021,507942,341771,65881,31586,22391,19415,25713,1185,347894,38487,5419,14099,8619,93424,65164,10763,1896,4903,3967,6621,110,73392,14.45,0.23,67.29,12.97,18.39,2.78,1.07,68.49,7.58,14.67,19.07,16.34,25.75,9.28
0400000US45,South Carolina,2021-01-01,2021,2288874,1612016,154050,158769,129910,95152,134961,4016,1746667,187881,7406,37765,37600,271555,188497,15898,7563,10967,14594,33166,870,383831,16.77,0.18,70.43,6.73,11.86,1.65,0.32,76.31,8.21,8.63,11.69,10.32,24.57,21.66
0400000US46,South Dakota,2021-01-01,2021,451387,288181,54703,33170,18815,18002,37594,922,343700,36130,1697,14337,6129,49394,27889,4551,627,1406,1885,12768,268,69987,15.5,0.2,63.84,12.12,10.94,3.18,0.38,76.14,8,5.6,9.68,8.32,33.96,29.07
0400000US47,Tennessee,2021-01-01,2021,3232096,2301525,247507,242709,118987,84632,231037,5699,2454007,244069,11038,36290,40041,446651,300027,34939,10358,21273,17799,60842,1413,446328,13.81,0.18,71.21,7.66,13.82,1.12,0.34,75.93,7.55,11.07,13.04,14.12,26.33,24.79
0400000US48,Texas,2021-01-01,2021,13619499,9803370,803489,1050753,563890,444939,925835,27223,9628564,1244454,102623,182811,242755,2218292,1634198,119115,62470,102164,75148,218499,6698,2059582,15.12,0.2,71.98,5.9,16.29,1.34,0.75,70.7,9.14,11.64,16.67,14.82,23.6,24.6
0400000US49,Utah,2021-01-01,2021,1636227,1185613,112805,113383,81539,56242,84720,1925,1085990,144142,21390,30712,26659,327334,233936,23733,7620,17786,10301,33415,543,251164,15.35,0.12,72.46,6.89,20.01,1.88,1.31,66.37,8.81,14.22,19.73,21.04,39.44,28.21
0400000US50,Vermont,2021-01-01,2021,324723,195269,51179,26301,14667,9234,27558,515,217380,24053,1693,12435,4935,64227,34870,11327,1016,4275,2462,10067,210,50202,15.46,0.16,60.13,15.76,19.78,3.83,0.52,66.94,7.41,15.44,17.86,22.13,36.53,40.78
0400000US51,Virginia,2021-01-01,2021,4282353,2746319,356586,338777,173517,450497,208300,8357,2819200,306322,54712,86253,65702,950164,590631,89384,37047,37506,124483,69537,1576,962791,22.48,0.2,64.13,8.33,22.19,2.01,1.28,65.83,7.15,20.67,21.51,25.07,33.38,18.86
0400000US53,Washington,2021-01-01,2021,3640121,2488634,309752,268635,193963,174203,198754,6180,2248672,258161,76828,102480,66436,887544,611884,69811,45559,65591,24641,67628,2430,636801,17.49,0.17,68.37,8.51,24.38,2.82,2.11,61.77,7.09,21.32,24.59,22.54,34.03,39.32
0400000US54,West Virginia,2021-01-01,2021,684330,449558,62971,49920,59773,29525,30693,1890,526273,59429,2458,14988,8913,72269,44653,5476,1441,5524,6908,7815,452,139218,20.34,0.28,65.69,9.2,10.56,2.19,0.36,76.9,8.68,9.96,9.93,8.7,25.46,23.92
0400000US55,Wisconsin,2021-01-01,2021,2928674,2116944,279644,213135,110777,48888,154048,5238,2142910,195531,25348,78865,48725,437295,301811,44025,13796,26081,7273,42721,1588,372800,12.73,0.18,72.28,9.55,14.93,2.69,0.87,73.17,6.68,12.65,14.26,15.74,27.73,30.32
0400000US56,Wyoming,2021-01-01,2021,287131,184157,19355,30667,19587,12716,19700,949,218845,26619,2293,9372,4620,25382,14242,1606,663,2153,707,5618,393,62970,21.93,0.33,64.14,6.74,8.84,3.26,0.8,76.22,9.27,5.59,7.73,8.3,28.52,41.41
0400000US01,Alabama,2019-01-01,2019,2093631,1495129,136104,149307,119379,82908,107339,3465,1780279,184792,8810,25276,22034,72440,46368,3899,1586,1054,1204,17721,608,351594,16.79,0.17,71.41,6.5,3.46,1.21,0.42,85.03,8.83,1.09,3.1,2.86,16.51,17.55
0400000US04,Arizona,2019-01-01,2019,3245234,2349830,227652,215742,142557,104959,197703,6791,2457866,344497,54797,61382,78366,248326,169437,13078,6023,6514,2580,49166,1528,463258,14.28,0.21,72.41,7.01,7.65,1.89,1.69,75.74,10.62,3.26,7.21,5.74,24.87,22.5
0400000US05,Arkansas,2019-01-01,2019,1318667,935297,93215,88046,92921,31854,73703,3631,1086628,141316,5344,25253,13930,46196,28044,2719,1117,1681,523,11618,494,212821,16.14,0.28,70.93,7.07,3.5,1.92,0.41,82.4,10.72,1.56,3,2.92,15.76,13.61
0400000US06,California,2019-01-01,2019,18736907,13306957,1228499,1454673,775813,498184,1436177,36604,13775076,1841214,970256,477859,484115,1188387,665587,62406,49758,54582,17544,331011,7499,2728670,14.56,0.2,71.02,6.56,6.34,2.55,5.18,73.52,9.83,4.47,5,5.08,23.05,20.49
0400000US08,Colorado,2019-01-01,2019,3004396,2136297,229945,220410,115121,109000,186188,7435,2231727,256443,96134,79957,65370,274765,187722,17487,5110,4704,4779,52961,2002,444531,14.8,0.25,71.11,7.65,9.15,2.66,3.2,74.28,8.54,3.28,8.79,7.6,28.44,26.93
0400000US09,Connecticut,2019-01-01,2019,1745949,1220663,174034,133914,67957,39057,106891,3433,1391046,133818,50601,49573,20719,100192,63553,6530,1286,2455,1790,23846,732,240928,13.8,0.2,69.91,9.97,5.74,2.84,2.9,79.67,7.66,2.3,5.21,3.75,22.31,21.32
0400000US10,Delaware,2019-01-01,2019,464467,327957,42225,19557,38942,15712,19041,1033,380271,38435,7214,10086,4508,23953,16144,2004,419,641,522,4150,73,74211,15.98,0.22,70.61,9.09,5.16,2.17,1.55,81.87,8.28,2.13,4.92,4.75,21.8,7.07
0400000US11,District of Columbia,2019-01-01,2019,840937,380495,141785,37638,16617,235722,27595,1085,345814,69845,311083,50018,35775,28402,15587,3971,338,210,2252,5952,92,289977,34.48,0.13,45.25,16.86,3.38,5.95,36.99,41.12,8.31,0.97,4.1,2.8,21.57,8.48
0400000US12,Florida,2019-01-01,2019,9793243,7422864,625386,625840,278315,256165,565110,19563,7665350,894746,153263,154674,236886,688324,492000,28415,11867,10939,10182,132271,2650,1160320,11.85,0.2,75.8,6.39,7.03,1.58,1.56,78.27,9.14,2.84,6.63,4.54,23.41,13.55
0400000US13,Georgia,2019-01-01,2019,4965554,3664481,285282,342052,207766,194005,263351,8617,3896828,458039,97989,73600,94789,344309,238481,15070,4903,6825,7220,69836,1974,743823,14.98,0.17,73.8,5.75,6.93,1.48,1.97,78.48,9.22,2.55,6.51,5.28,26.52,22.91
0400000US16,Idaho,2019-01-01,2019,817006,567448,63888,51330,40317,27209,63976,2838,638542,74677,6222,22744,12886,61935,35903,3614,1168,1631,229,18888,502,118856,14.55,0.35,69.45,7.82,7.58,2.78,0.76,78.16,9.14,2.55,6.33,5.66,29.52,17.69
0400000US17,Illinois,2019-01-01,2019,6189070,4564650,562667,447441,209756,127594,264496,12466,4472797,467941,604223,187105,120357,336647,223760,22401,5500,8422,7775,65785,3004,784791,12.68,0.2,73.75,9.09,5.44,3.02,9.76,72.27,7.56,2.76,4.9,3.98,24.87,24.1
0400000US18,Indiana,2019-01-01,2019,3169257,2364061,301704,193958,112287,51769,138207,7271,2582907,307468,23270,73417,43126,139069,89844,10368,3118,2095,1532,30840,1272,358014,11.3,0.23,74.59,9.52,4.39,2.32,0.73,81.5,9.7,1.88,3.8,3.44,22.31,17.49
0400000US19,Iowa,2019-01-01,2019,1594969,1125756,142792,115460,84798,24104,99222,2837,1278269,137179,17774,50718,19518,91511,49944,5899,1229,2734,831,30359,515,224362,14.07,0.18,70.58,8.95,5.74,3.18,1.11,80.14,8.6,2.14,4.44,4.13,30.6,18.15
0400000US20,Kansas,2019-01-01,2019,1460306,1014806,110284,120794,70713,54654,85725,3330,1209361,123256,6691,31849,15041,74108,42455,3386,1654,2768,1084,22256,505,246161,16.86,0.23,69.49,7.55,5.07,2.18,0.46,82.82,8.44,2.24,4.18,3.07,25.96,15.17
0400000US21,Kentucky,2019-01-01,2019,1987914,1414660,161479,132895,106488,70120,96852,5420,1630247,177101,20718,45696,29270,84882,53840,4744,1793,2872,927,19523,1183,309503,15.57,0.27,71.16,8.12,4.27,2.3,1.04,82.01,8.91,1.81,3.81,2.94,20.16,21.83
0400000US22,Louisiana,2019-01-01,2019,2034583,1449367,129964,148889,112359,62106,128334,3564,1671079,179754,23826,43126,37125,79673,45174,4029,1828,2541,1506,24311,284,323354,15.89,0.18,71.24,6.39,3.92,2.12,1.17,82.13,8.83,1.82,3.12,3.1,18.94,7.97
0400000US23,Maine,2019-01-01,2019,654479,415188,89293,48943,24207,21544,53929,1375,513784,63017,2808,25611,7244,42015,24426,3926,598,1145,819,10994,107,94694,14.47,0.21,63.44,13.64,6.42,3.91,0.43,78.5,9.63,2.71,5.88,4.4,20.39,7.78
0400000US24,Maryland,2019-01-01,2019,2785540,1756535,279172,214976,125045,252527,148537,8748,2127091,241736,132177,67687,47361,169488,100594,11002,3664,3662,11998,37053,1515,592548,21.27,0.31,63.06,10.02,6.08,2.43,4.75,76.36,8.68,3.26,5.73,3.94,24.95,17.32
0400000US25,Massachusetts,2019-01-01,2019,3727366,2567988,480423,264421,136416,65134,204942,8042,2600597,273204,388917,181914,84735,197999,122310,16718,3776,4146,1334,47756,1959,465971,12.5,0.22,68.9,12.89,5.31,4.88,10.43,69.77,7.33,1.99,4.76,3.48,23.3,24.36
0400000US26,Michigan,2019-01-01,2019,4623249,3442870,438437,260150,178096,73536,220575,9585,3780795,409345,63966,99637,59273,210233,130500,15005,2884,7700,2266,49697,2181,511782,11.07,0.21,74.47,9.48,4.55,2.16,1.38,81.78,8.85,2.51,3.79,3.42,22.53,22.75
0400000US27,Minnesota,2019-01-01,2019,2972100,2096879,342257,224567,108654,44604,148386,6753,2309067,243641,100808,77787,50002,190795,119933,14455,4735,4807,2055,44160,650,377825,12.71,0.23,70.55,11.52,6.42,2.62,3.39,77.69,8.2,3.07,5.72,4.22,29.76,9.63
0400000US28,Mississippi,2019-01-01,2019,1178973,820559,67418,76931,97431,51109,62286,3239,998761,105834,2772,14018,19162,38426,23056,1703,909,1313,988,9495,962,225471,19.12,0.27,69.6,5.72,3.26,1.19,0.24,84.71,8.98,1.42,2.81,2.53,15.24,29.7
0400000US29,Missouri,2019-01-01,2019,2968731,2107221,310638,188404,115594,89322,150163,7389,2436466,250259,37035,60270,37137,147564,94333,9941,1818,3100,1559,35769,1044,393320,13.25,0.25,70.98,10.46,4.97,2.03,1.25,82.07,8.43,1.65,4.48,3.2,23.82,14.13
0400000US30,Montana,2019-01-01,2019,512614,332470,48369,37830,29027,21886,41468,1564,390855,50870,4603,21344,11350,33592,17489,1988,604,1639,1220,10273,379,88743,17.31,0.31,64.86,9.44,6.55,4.16,0.9,76.25,9.92,3.9,5.26,4.11,24.77,24.23
0400000US31,Nebraska,2019-01-01,2019,1020524,703370,102292,78514,45213,26232,62421,2482,836739,90844,7870,27377,11258,46436,25542,2010,908,819,550,16281,326,149959,14.69,0.24,68.92,10.02,4.55,2.68,0.77,81.99,8.9,1.52,3.63,1.96,26.08,13.13
0400000US32,Nevada,2019-01-01,2019,1464125,1157064,52390,87394,47601,37919,79244,2513,1127928,156161,43828,23270,41687,71251,47210,3081,1550,1869,1076,16362,103,172914,11.81,0.17,79.03,3.58,4.87,1.59,2.99,77.04,10.67,2.6,4.08,5.88,20.65,4.1
0400000US33,New Hampshire,2019-01-01,2019,690536,478406,80122,48649,23039,12764,46337,1219,551124,55411,3548,19052,8379,53022,33166,3169,686,1265,1023,13298,415,84452,12.23,0.18,69.28,11.6,7.68,2.76,0.51,79.81,8.02,3.52,6.93,3.96,28.7,34.04
0400000US34,New Jersey,2019-01-01,2019,4048598,3006473,280664,332619,160835,72377,189653,5977,3087321,344067,191500,119684,88616,217410,152120,11776,3055,4028,2406,43101,924,565831,13.98,0.15,74.26,6.93,5.37,2.96,4.73,76.26,8.5,1.68,5.06,4.2,22.73,15.46
0400000US35,New Mexico,2019-01-01,2019,895943,561419,70180,74134,71152,66567,50768,1723,723035,84021,9156,18003,15635,46093,25294,3728,937,1931,1006,13015,182,211853,23.65,0.19,62.66,7.83,5.14,2.01,1.02,80.7,9.38,1.83,4.51,5.31,25.64,10.56
0400000US36,New York,2019-01-01,2019,9904416,6744219,1076805,948422,401571,201206,514483,17710,5076586,602418,2967663,583041,222149,452559,281737,32454,13338,9225,6747,106022,3036,1551199,15.66,0.18,68.09,10.87,4.57,5.89,29.96,51.26,6.08,1.89,4.18,3.01,20.61,17.14
0400000US37,North Carolina,2019-01-01,2019,4944291,3565427,358033,285053,265499,183653,273663,12963,3970962,428767,56578,87160,69568,331256,225366,17468,3171,7778,6381,68073,3019,734205,14.85,0.26,72.11,7.24,6.7,1.76,1.14,80.31,8.67,2.36,6.32,4.88,24.87,23.29
0400000US38,North Dakota,2019-01-01,2019,433906,280943,44878,32905,22989,20634,30277,1280,358160,38332,2765,12772,7284,14593,7435,578,296,432,123,5675,54,76528,17.64,0.29,64.75,10.34,3.36,2.94,0.64,82.54,8.83,1.11,2.65,1.29,18.74,4.22
0400000US39,Ohio,2019-01-01,2019,5603497,4059680,563928,413539,178069,110969,266423,10889,4619222,448949,83367,126389,69107,256463,160641,16549,3910,5450,3217,64638,2058,702577,12.54,0.19,72.45,10.06,4.58,2.26,1.49,82.43,8.01,1.79,3.96,2.93,24.26,18.9
0400000US40,Oklahoma,2019-01-01,2019,1773259,1208071,117767,110781,110982,102720,117973,4965,1466969,167901,7084,26147,26211,78947,41958,4399,1504,2366,6443,21067,1210,324483,18.3,0.28,68.13,6.64,4.45,1.47,0.4,82.73,9.47,3.18,3.47,3.74,17.86,24.37
0400000US41,Oregon,2019-01-01,2019,2065636,1420454,197589,149532,108938,44908,139660,4555,1483978,196894,96330,75796,66051,146587,84634,9039,2837,8282,1586,39294,915,303378,14.69,0.22,68.77,9.57,7.1,3.67,4.66,71.84,9.53,4.19,5.96,4.57,28.14,20.09
0400000US42,Pennsylvania,2019-01-01,2019,6126950,4392890,749809,364637,181587,127063,299001,11963,4590918,519274,359418,224263,99549,333528,222721,28748,6340,5933,4818,62459,2509,673287,10.99,0.2,71.7,12.24,5.44,3.66,5.87,74.93,8.48,2.54,5.07,3.83,20.89,20.97
0400000US44,Rhode Island,2019-01-01,2019,503071,342741,61410,31347,22286,18725,25531,1031,405836,38978,10796,17208,6025,24228,15877,1584,206,394,1103,5011,53,72358,14.38,0.2,68.13,12.21,4.82,3.42,2.15,80.67,7.75,2.35,4.63,2.58,19.63,5.14
0400000US45,South Carolina,2019-01-01,2019,2309683,1654773,147312,141041,145890,91015,123133,6519,1892554,202561,12338,48137,33248,120845,79935,6550,1510,2788,2562,26745,755,377946,16.36,0.28,71.65,6.38,5.23,2.08,0.53,81.94,8.77,1.82,4.83,4.45,21.72,11.58
0400000US46,South Dakota,2019-01-01,2019,451560,292811,47379,34952,21635,16710,36717,1356,360804,40343,1601,14411,7007,27394,10961,1697,851,734,556,12024,571,73297,16.23,0.3,64.84,10.49,6.07,3.19,0.35,79.9,8.93,2.92,3.74,3.58,32.75,42.11
0400000US47,Tennessee,2019-01-01,2019,3233937,2341795,247216,226801,116206,78907,214872,8140,2656632,287995,18986,44946,46116,179262,109982,10098,2640,2556,3678,48915,1393,421914,13.05,0.25,72.41,7.64,5.54,1.39,0.59,82.15,8.91,2.1,4.7,4.08,22.76,17.11
0400000US48,Texas,2019-01-01,2019,13701140,10127734,738464,970147,558466,377994,891550,36785,10985817,1326267,179721,211259,214564,783512,506799,34770,12790,14139,12745,197343,4926,1906607,13.92,0.27,73.92,5.39,5.72,1.54,1.31,80.18,9.68,2.08,5,4.71,22.13,13.39
0400000US49,Utah,2019-01-01,2019,1586539,1163086,106621,102894,85809,48938,76186,3005,1208420,165099,39129,31882,24352,117657,77434,5070,1794,2567,2245,27811,736,237641,14.98,0.19,73.31,6.72,7.42,2.01,2.47,76.17,10.41,2.78,6.66,4.76,36.5,24.49
0400000US50,Vermont,2019-01-01,2019,322917,197656,50638,24339,16369,9303,23934,678,246866,27708,4594,17195,3745,22809,11415,2376,597,601,135,7397,288,50011,15.49,0.21,61.21,15.68,7.06,5.32,1.42,76.45,8.58,2.67,5.78,4.69,30.91,42.48
0400000US51,Virginia,2019-01-01,2019,4231450,2807351,330421,332651,175872,379715,196318,9122,3308204,371430,123263,103090,78326,247137,156562,15426,4799,6821,10163,51579,1787,888238,20.99,0.22,66.34,7.81,5.84,2.44,2.91,78.18,8.78,2.45,5.58,4.67,26.27,19.59
0400000US53,Washington,2019-01-01,2019,3679051,2532997,314987,274742,182386,159161,205555,9223,2608641,364698,261757,129028,72481,242446,145133,15909,5515,10541,3659,59070,2619,616289,16.75,0.25,68.85,8.56,6.59,3.51,7.11,70.91,9.91,3.2,5.73,5.05,28.74,28.4
0400000US54,West Virginia,2019-01-01,2019,707537,472791,57062,57043,56826,30941,30403,2471,580480,63014,5168,20882,9328,28665,17740,1898,740,1102,1347,5612,226,144810,20.47,0.35,66.82,8.06,4.05,2.95,0.73,82.04,8.91,2.2,3.75,3.33,18.46,9.15
0400000US55,Wisconsin,2019-01-01,2019,2924338,2136085,283744,203981,116194,38681,138417,7236,2358312,233635,48589,88031,44938,150833,93948,9554,1830,4281,1367,38570,1283,358856,12.27,0.25,73.05,9.7,5.16,3.01,1.66,80.64,7.99,2.08,4.4,3.37,27.87,17.73
0400000US56,Wyoming,2019-01-01,2019,285793,181649,18669,29025,21281,13464,21166,539,219365,33347,3454,8706,4914,16007,9188,959,442,392,212,4787,27,63770,22.31,0.19,63.56,6.53,5.6,3.05,1.21,76.76,11.67,1.64,5.06,5.14,22.62,5.01
0400000US01,Alabama,2018-01-01,2018,2032160,1477241,128876,124779,114021,72218,112709,2316,1753526,159978,6503,22227,18526,71400,41865,3846,924,1689,2523,20168,385,311018,15.3,0.11,72.69,6.34,3.51,1.09,0.32,86.29,7.87,1.65,2.83,2.98,17.89,16.62
0400000US04,Arizona,2018-01-01,2018,3139126,2305299,206177,198809,141123,95092,186643,5983,2393124,343817,53198,54068,80226,214693,147821,10103,4555,4286,2387,44332,1209,435024,13.86,0.19,73.44,6.57,6.84,1.72,1.69,76.24,10.95,2.58,6.41,4.9,23.75,20.21
0400000US05,Arkansas,2018-01-01,2018,1296811,924571,93489,67500,93708,29569,85096,2878,1072570,134607,4620,19585,16663,48766,26712,3354,651,1546,708,15391,404,190777,14.71,0.22,71.3,7.21,3.76,1.51,0.36,82.71,10.38,1.52,2.89,3.59,18.09,14.04
0400000US06,California,2018-01-01,2018,18530965,13274098,1191355,1378166,705242,453124,1499406,29574,13689395,1854518,911931,486629,476537,1111955,602048,52197,50015,42880,15665,342447,6703,2536532,13.69,0.16,71.63,6.43,6,2.63,4.92,73.87,10.01,4.28,4.54,4.38,22.84,22.67
0400000US08,Colorado,2018-01-01,2018,2957533,2131385,230420,192855,115436,111241,169576,6620,2217788,251916,81493,87899,64917,253520,173591,12884,4029,4807,3692,52975,1542,419532,14.19,0.22,72.07,7.79,8.57,2.97,2.76,74.99,8.52,2.99,8.14,5.59,31.24,23.29
0400000US09,Connecticut,2018-01-01,2018,1747322,1255799,167211,123048,62658,30915,105473,2218,1383478,145932,48477,47082,20834,101519,65147,5087,1285,2256,2229,24708,807,216621,12.4,0.13,71.87,9.57,5.81,2.69,2.77,79.18,8.35,2.66,5.19,3.04,23.43,36.38
0400000US10,Delaware,2018-01-01,2018,445816,324568,36734,9666,43344,12095,19203,206,358429,39415,7636,9845,4752,25739,18344,1465,215,593,752,4370,0,65105,14.6,0.05,72.8,8.24,5.77,2.21,1.71,80.4,8.84,2.4,5.65,3.99,22.76,0
0400000US11,District of Columbia,2018-01-01,2018,844563,400002,138164,38347,19016,217138,30550,1346,357987,71040,306353,51000,34984,23199,14369,2435,224,228,1066,4763,114,274501,32.5,0.16,47.36,16.36,2.75,6.04,36.27,42.39,8.41,0.55,3.59,1.76,15.59,8.47
0400000US12,Florida,2018-01-01,2018,9557333,7261362,613601,620022,265964,227184,549354,19846,7564605,896497,154484,129788,215263,596696,418861,26392,9719,8448,11079,118160,4037,1113170,11.65,0.21,75.98,6.42,6.24,1.36,1.62,79.15,9.38,2.63,5.77,4.3,21.51,20.34
0400000US13,Georgia,2018-01-01,2018,4883071,3638729,268848,317709,224750,172101,253661,7273,3874426,459988,97785,73351,88569,288952,202480,11786,2531,6667,4958,59189,1341,714560,14.63,0.15,74.52,5.51,5.92,1.5,2,79.34,9.42,1.98,5.56,4.38,23.33,18.44
0400000US16,Idaho,2018-01-01,2018,777032,553647,55855,49868,36921,24079,54606,2056,620087,69229,5949,19824,12602,49341,28904,1994,989,962,546,15413,533,110868,14.27,0.26,71.25,7.19,6.35,2.55,0.77,79.8,8.91,2.25,5.22,3.57,28.23,25.92
0400000US17,Illinois,2018-01-01,2018,6175357,4622188,533614,396277,220637,113943,277481,11217,4480777,507467,587614,170386,110520,318593,212427,17104,5041,7890,4210,70075,1846,730857,11.84,0.18,74.85,8.64,5.16,2.76,9.52,72.56,8.22,2.35,4.6,3.21,25.25,16.46
0400000US18,Indiana,2018-01-01,2018,3110716,2357681,285950,162455,112567,49887,138092,4084,2575963,279617,23092,62059,47700,122285,77380,9821,1242,1866,1955,29440,581,324909,10.44,0.13,75.79,9.19,3.93,2,0.74,82.81,8.99,1.56,3.28,3.43,21.32,14.23
0400000US19,Iowa,2018-01-01,2018,1584558,1145261,133332,95928,87734,24001,94870,3432,1292215,129495,16120,46832,18590,81306,42914,3850,573,3239,511,29097,1122,207663,13.11,0.22,72.28,8.41,5.13,2.96,1.02,81.55,8.17,2.08,3.75,2.89,30.67,32.69
0400000US20,Kansas,2018-01-01,2018,1448751,1016760,110311,98085,85456,50065,84696,3378,1190925,134759,5892,30519,18401,68255,34653,4087,604,2235,2452,23743,481,233606,16.12,0.23,70.18,7.61,4.71,2.11,0.41,82.2,9.3,2.26,3.41,3.7,28.03,14.24
0400000US21,Kentucky,2018-01-01,2018,1980353,1435835,147157,101905,125389,65799,100551,3717,1633433,187344,18696,38428,22688,79764,48979,5136,1387,2587,1007,19959,709,293093,14.8,0.19,72.5,7.43,4.03,1.94,0.94,82.48,9.46,1.7,3.41,3.49,19.85,19.07
0400000US22,Louisiana,2018-01-01,2018,2002142,1458121,118713,132074,108911,59278,121481,3564,1656149,181399,23661,35687,38314,66932,37383,2736,1349,2170,1109,21396,789,300263,15,0.18,72.83,5.93,3.34,1.78,1.18,82.72,9.06,1.54,2.56,2.3,17.61,22.14
0400000US23,Maine,2018-01-01,2018,651085,423735,90874,40024,27181,18347,49935,989,507394,64305,3854,26789,9107,39636,22915,3488,546,693,539,11118,337,85552,13.14,0.15,65.08,13.96,6.09,4.11,0.59,77.93,9.88,2.08,5.41,3.84,22.26,34.07
0400000US24,Maryland,2018-01-01,2018,2796940,1835605,256584,197801,123551,239491,139982,3926,2138455,251726,136363,63983,47430,158983,94234,9711,2243,2341,13520,35946,988,560843,20.05,0.14,65.63,9.17,5.68,2.29,4.88,76.46,9,3.23,5.13,3.78,25.68,25.17
0400000US25,Massachusetts,2018-01-01,2018,3639332,2549742,461904,238212,126650,59852,197926,5046,2550770,272570,366819,182106,78519,188548,116093,16207,2302,3195,1545,48812,394,424714,11.67,0.14,70.06,12.69,5.18,5,10.08,70.09,7.49,1.66,4.55,3.51,24.66,7.81
0400000US26,Michigan,2018-01-01,2018,4581345,3471384,424258,224864,171890,63947,217219,7783,3754947,408991,62459,103856,61437,189655,120193,11749,2038,5063,1956,47636,1020,460701,10.06,0.17,75.77,9.26,4.14,2.27,1.36,81.96,8.93,1.97,3.46,2.77,21.93,13.11
0400000US27,Minnesota,2018-01-01,2018,2939577,2113567,334437,185684,112323,39720,148904,4942,2287243,245736,103468,80263,45162,177705,110864,13486,3067,3723,1518,43985,1062,337727,11.49,0.17,71.9,11.38,6.05,2.73,3.52,77.81,8.36,2.46,5.25,4.03,29.54,21.49
0400000US28,Mississippi,2018-01-01,2018,1162930,809417,63473,67318,109111,46262,65436,1913,993238,103848,3065,17135,13547,32097,17310,1507,549,1776,473,10225,257,222691,19.15,0.16,69.6,5.46,2.76,1.47,0.26,85.41,8.93,1.26,2.14,2.37,15.63,13.43
0400000US29,Missouri,2018-01-01,2018,2934860,2117455,298839,151788,120289,79559,160654,6276,2415704,247660,39842,57915,35397,138342,82506,8309,2242,1786,1675,40153,1671,351636,11.98,0.21,72.15,10.18,4.71,1.97,1.36,82.31,8.44,1.62,3.9,2.78,24.99,26.63
0400000US30,Montana,2018-01-01,2018,512185,333361,48201,36518,27408,22605,42320,1772,384786,48316,3632,27891,9985,37575,19679,2731,665,1207,602,12203,488,86531,16.89,0.35,65.09,9.41,7.34,5.45,0.71,75.13,9.43,2.86,5.9,5.67,28.84,27.54
0400000US31,Nebraska,2018-01-01,2018,1006300,707365,92091,65625,47580,27043,64758,1838,826379,87572,5503,24601,11980,50265,23856,2508,1024,1727,760,20067,323,140248,13.94,0.18,70.29,9.15,5,2.44,0.55,82.12,8.7,2.5,3.37,2.72,30.99,17.57
0400000US32,Nevada,2018-01-01,2018,1431562,1132121,48877,84067,45651,37538,81193,2115,1121611,148808,42413,25060,34276,59394,37020,1868,574,832,430,18543,127,167256,11.68,0.15,79.08,3.41,4.15,1.75,2.96,78.35,10.39,1.1,3.27,3.82,22.84,6
0400000US33,New Hampshire,2018-01-01,2018,678998,475760,78882,44630,20633,14966,43333,794,544813,53999,3702,18324,9174,48986,31283,2922,719,1230,856,11940,36,80229,11.82,0.12,70.07,11.62,7.21,2.7,0.55,80.24,7.95,3.5,6.58,3.7,27.55,4.53
0400000US34,New Jersey,2018-01-01,2018,4023190,3018223,263105,303037,180470,66807,186359,5189,3067512,346669,203000,112453,88386,205170,142021,8405,3889,3400,1997,44804,654,550314,13.68,0.13,75.02,6.54,5.1,2.8,5.05,76.25,8.62,1.69,4.71,3.19,24.04,12.6
0400000US35,New Mexico,2018-01-01,2018,869347,564132,52843,65150,63480,64085,57821,1836,688169,97886,9404,15669,13596,44623,23045,2164,591,984,565,16831,443,192715,22.17,0.21,64.89,6.08,5.13,1.8,1.08,79.16,11.26,1.11,4.09,4.1,29.11,24.13
0400000US36,New York,2018-01-01,2018,9759279,6701200,1022929,887637,413268,180659,539747,13839,5021750,602826,2950885,556487,206255,421076,244702,32570,10859,4873,5756,120161,2155,1481564,15.18,0.14,68.66,10.48,4.31,5.7,30.24,51.46,6.18,1.45,3.65,3.18,22.26,15.57
0400000US37,North Carolina,2018-01-01,2018,4861678,3519222,332279,255337,301106,193463,251439,8832,3930572,446022,47083,86540,58515,292946,193860,16025,4445,6083,5195,65304,2034,749906,15.42,0.18,72.39,6.83,6.03,1.78,0.97,80.85,9.17,2.1,5.51,4.82,25.97,23.03
0400000US38,North Dakota,2018-01-01,2018,426892,279977,44751,28343,23127,20562,28909,1223,351035,38127,3319,13795,5719,14897,7319,875,190,304,148,5868,193,72032,16.87,0.29,65.58,10.48,3.49,3.23,0.78,82.23,8.93,0.89,2.61,1.96,20.3,15.78
0400000US39,Ohio,2018-01-01,2018,5540196,4086151,538731,369197,179456,101010,257055,8596,4569380,451363,87867,121755,66517,243314,157680,13587,3841,3136,3407,58976,2687,649663,11.73,0.16,73.75,9.72,4.39,2.2,1.59,82.48,8.15,1.6,3.86,2.52,22.94,31.26
0400000US40,Oklahoma,2018-01-01,2018,1772588,1236150,117186,95973,116454,89183,113461,4181,1458512,170281,7853,35733,26562,73647,39849,2441,992,1973,5383,22235,774,301610,17.02,0.24,69.74,6.61,4.15,2.02,0.44,82.28,9.61,2.77,3.22,2.08,19.6,18.51
0400000US41,Oregon,2018-01-01,2018,2035906,1433630,188301,129402,101297,35737,143033,4506,1466681,192881,86883,77532,63049,148880,79034,10646,4044,5630,1993,45637,1896,266436,13.09,0.22,70.42,9.25,7.31,3.81,4.27,72.04,9.47,4.38,5.51,5.65,31.91,42.08
0400000US42,Pennsylvania,2018-01-01,2018,6088412,4446503,707508,306752,185022,119471,311347,11809,4589431,513877,360202,215880,93700,315322,196583,27414,4203,4431,3430,77628,1633,611245,10.04,0.19,73.03,11.62,5.18,3.55,5.92,75.38,8.44,1.97,4.42,3.87,24.93,13.83
0400000US44,Rhode Island,2018-01-01,2018,491994,346448,53313,31751,19331,18703,21730,718,402643,36790,9159,18152,6029,19221,11608,1824,633,458,1251,3415,32,69785,14.18,0.15,70.42,10.84,3.91,3.69,1.86,81.84,7.48,3.36,3.35,3.42,15.72,4.46
0400000US45,South Carolina,2018-01-01,2018,2272985,1656157,135995,119433,152497,83538,120914,4451,1846123,218231,11595,47633,34419,114984,74536,4988,1062,3201,2732,27678,787,355468,15.64,0.2,72.86,5.98,5.06,2.1,0.51,81.22,9.6,1.97,4.5,3.67,22.89,17.68
0400000US46,South Dakota,2018-01-01,2018,453580,299292,51866,32276,20311,14159,34356,1320,368040,39803,1133,12709,4298,27597,10067,4219,308,663,318,11589,433,66746,14.72,0.29,65.98,11.43,6.08,2.8,0.25,81.14,8.78,1.93,3.36,8.13,33.73,32.8
0400000US47,Tennessee,2018-01-01,2018,3136180,2295768,229689,203156,121771,76544,204842,4410,2609326,280862,19035,40109,40011,146837,88306,8244,1288,4076,2093,42103,727,401471,12.8,0.14,73.2,7.32,4.68,1.28,0.61,83.2,8.96,1.86,3.85,3.59,20.55,16.49
0400000US48,Texas,2018-01-01,2018,13340657,9937639,738267,826343,586711,333067,894073,24557,10773938,1297458,174598,195073,206432,693158,442474,28585,10614,11214,10607,184766,4898,1746121,13.09,0.18,74.49,5.53,5.2,1.46,1.31,80.76,9.73,1.86,4.45,3.87,20.67,19.95
0400000US49,Utah,2018-01-01,2018,1515772,1116409,104813,85731,87229,47621,71474,2495,1148551,168765,33270,35998,24909,104279,69204,3588,2297,1504,985,26356,345,220581,14.55,0.16,73.65,6.91,6.88,2.37,2.19,75.77,11.13,2.17,6.2,3.42,36.87,13.83
0400000US50,Vermont,2018-01-01,2018,323584,197173,48822,21390,16113,8259,30777,1050,245015,27801,2639,17139,6784,24206,10962,2087,664,387,530,9366,210,45762,14.14,0.32,60.93,15.09,7.48,5.3,0.82,75.72,8.59,3.45,5.56,4.27,30.43,20
0400000US51,Virginia,2018-01-01,2018,4138905,2751533,304177,323214,176118,375541,202515,5807,3243522,365070,123941,94582,75012,236778,141703,14593,2047,5071,15946,56396,1022,874873,21.14,0.14,66.48,7.35,5.72,2.29,2.99,78.37,8.82,2.64,5.15,4.8,27.85,17.6
0400000US53,Washington,2018-01-01,2018,3621504,2523219,289854,230258,209031,150036,213050,6056,2568699,353354,252354,134125,74290,238682,144961,13242,3734,9381,4530,61767,1067,589325,16.27,0.17,69.67,8,6.59,3.7,6.97,70.93,9.76,2.99,5.75,4.57,28.99,17.62
0400000US54,West Virginia,2018-01-01,2018,716625,491341,58796,48552,60742,27674,28913,607,596303,61200,5961,18964,9304,24893,12686,1943,364,1062,1339,7375,124,136968,19.11,0.08,68.56,8.2,3.47,2.65,0.83,83.21,8.54,2.02,2.58,3.3,25.51,20.43
0400000US55,Wisconsin,2018-01-01,2018,2914855,2167111,264909,171876,123886,40048,140179,6846,2375230,221664,43445,86486,45149,142881,82680,7459,2649,6102,784,41379,1828,335810,11.52,0.23,74.35,9.09,4.9,2.97,1.49,81.49,7.6,2.84,3.82,2.82,29.52,26.7
0400000US56,Wyoming,2018-01-01,2018,292608,190857,19163,27667,20834,14132,18436,1519,221645,31396,3771,12290,5814,17692,8036,1315,694,863,367,5776,641,62633,21.41,0.52,65.23,6.55,6.05,4.2,1.29,75.75,10.73,3.07,4.21,6.86,31.33,42.2
